{"differences": [10, 0, 0, 0, 0, 0, 0, 24, 0, 0, 7, 1, 5, 19, 17, 9, 6, 1, 1, 0, 0, 16, 0, 2, 0, 2, 8, 13, 7, 2], "ratio": [98.0276134122288, 100.0, 100.0, 100.0, 100.0, 100.0, 100.0, 95.72953736654804, 100.0, 100.0, 98.91304347826086, 99.8046875, 99.22720247295209, 97.12121212121212, 96.84601113172542, 98.79839786381842, 98.92665474060823, 99.89969909729187, 99.89429175475686, 100.0, 100.0, 98.55725879170424, 100.0, 99.86072423398329, 100.0, 99.85272459499264, 99.5703544575725, 99.12102772143339, 99.5875073659399, 99.89378651088688], "weights": [25, 25, 25, 25, 25, 50, 50, 50, 50, 50, 100, 110, 120, 130, 140, 150, 160, 170, 180, 190, 200, 210, 220, 230, 240, 250, 260, 270, 280, 290]}