{"dynamic": [0.001535654067993164, 0.0011792182922363281, 0.0012631416320800781, 0.0013310909271240234, 0.001142263412475586, 0.0011501312255859375, 0.0011107921600341797, 0.001132965087890625, 0.0011284351348876953, 0.0011229515075683594, 0.001169443130493164, 0.0010848045349121094, 0.0013456344604492188, 0.0012478828430175781, 0.0012729167938232422, 0.0011935234069824219, 0.0010859966278076172, 0.0012302398681640625, 0.001178741455078125, 0.0012054443359375, 0.0011336803436279297, 0.0012984275817871094, 0.00127410888671875, 0.0013697147369384766, 0.001299142837524414, 0.0014193058013916016, 0.0014369487762451172, 0.0014197826385498047, 0.0012764930725097656, 0.0011911392211914062], "greedy": [0.0013186931610107422, 0.0012769699096679688, 0.0013682842254638672, 0.001203298568725586, 0.0013463497161865234, 0.0011796951293945312, 0.0012199878692626953, 0.001157522201538086, 0.0010678768157958984, 0.0011382102966308594, 0.0012636184692382812, 0.0011222362518310547, 0.0013954639434814453, 0.0012536048889160156, 0.0011966228485107422, 0.0013327598571777344, 0.0011827945709228516, 0.0012307167053222656, 0.0013003349304199219, 0.001219034194946289, 0.0011730194091796875, 0.0013017654418945312, 0.0013630390167236328, 0.0014231204986572266, 0.001352071762084961, 0.0015609264373779297, 0.0014681816101074219, 0.00139617919921875, 0.0012888908386230469, 0.0012624263763427734], "bruteforce": [0.0012707710266113281, 0.0013363361358642578, 0.0014934539794921875, 0.0011334419250488281, 0.0011556148529052734, 0.0015130043029785156, 0.0011680126190185547, 0.0012595653533935547, 0.0013036727905273438, 0.0011098384857177734]}