{"dynamic": [0.0025942325592041016, 0.0030410289764404297, 0.0030989646911621094, 0.0018985271453857422, 0.0027914047241210938, 0.001959085464477539, 0.002568483352661133, 0.0025184154510498047, 0.0032765865325927734, 0.002279996871948242, 0.0026717185974121094, 0.0031998157501220703, 0.0031464099884033203, 0.002076864242553711, 0.002976655960083008, 0.0029594898223876953, 0.0028557777404785156, 0.0033957958221435547, 0.0038309097290039062, 0.0029900074005126953, 0.0028676986694335938, 0.003026723861694336, 0.003559112548828125, 0.002592325210571289, 0.0022537708282470703, 0.004724025726318359, 0.002759695053100586, 0.003019094467163086, 0.003808736801147461, 0.003881692886352539], "greedy": [0.0030670166015625, 0.0021293163299560547, 0.002107858657836914, 0.0022165775299072266, 0.002537250518798828, 0.0021049976348876953, 0.0023796558380126953, 0.0022077560424804688, 0.0026025772094726562, 0.0020537376403808594, 0.002231597900390625, 0.002479076385498047, 0.002517223358154297, 0.0020728111267089844, 0.0016205310821533203, 0.002501249313354492, 0.0025665760040283203, 0.0026695728302001953, 0.0028095245361328125, 0.002865314483642578, 0.0021691322326660156, 0.002180814743041992, 0.0021009445190429688, 0.001840353012084961, 0.002045869827270508, 0.002446413040161133, 0.0018155574798583984, 0.0019457340240478516, 0.002750873565673828, 0.0027523040771484375], "bruteforce": [0.0036249160766601562, 0.003475666046142578, 0.0034596920013427734, 0.0034601688385009766, 0.003561735153198242, 0.003480195999145508, 0.0033838748931884766, 0.0033829212188720703, 0.003560781478881836, 0.0033376216888427734, 0.015533685684204102, 0.015483617782592773, 0.0074462890625, 0.015604019165039062, 0.015590190887451172, 0.514824628829956, 0.3143138885498047, 1.3165292739868164, 1.0663697719573975, 0.5648932456970215, ">30s", ">30s", ">30s", ">30s", ">30s", ">30s", ">30s", ">30s", ">30s", ">30s"]}